{
  "timestamp_analyse": "2025-08-28T17:40:02.443141",
  "total_tickets": 10,
  "tickets_haute_priorite": 4,
  "pourcentage_haute_priorite": 40.0,
  "incidents": 2,
  "pourcentage_incidents": 20.0,
  "equipe_plus_sollicitee": {
    "nom": "Équipe Support Général",
    "nombre_tickets": 5
  },
  "statistiques_par_type": [
    {
      "type": "question",
      "nombre_tickets": 5,
      "tickets_haute_priorite": 3,
      "tickets_priorite_moyenne": 0,
      "tickets_basse_priorite": 2
    },
    {
      "type": "feature_request",
      "nombre_tickets": 3,
      "tickets_haute_priorite": 1,
      "tickets_priorite_moyenne": 1,
      "tickets_basse_priorite": 1
    },
    {
      "type": "incident",
      "nombre_tickets": 2,
      "tickets_haute_priorite": 0,
      "tickets_priorite_moyenne": 2,
      "tickets_basse_priorite": 0
    }
  ],
  "top_mots_cles": [
    {
      "word": "request",
      "count": 6
    },
    {
      "word": "refund",
      "count": 5
    },
    {
      "word": "account",
      "count": 4
    },
    {
      "word": "support",
      "count": 3
    },
    {
      "word": "bug",
      "count": 3
    },
    {
      "word": "login",
      "count": 3
    },
    {
      "word": "payment",
      "count": 2
    },
    {
      "word": "issue",
      "count": 2
    },
    {
      "word": "feature",
      "count": 1
    },
    {
      "word": "error",
      "count": 1
    }
  ],
  "statistiques_par_equipe": [
    {
      "support_team": "Équipe Support Général",
      "count": 5
    },
    {
      "support_team": "Équipe Produit",
      "count": 3
    },
    {
      "support_team": "Équipe Incident",
      "count": 2
    }
  ]
}